USE logistics;

-- Заповнюємо таблицю Users
INSERT INTO Users (FirstName, LastName, PhoneNumber, `Password`, `Role`) VALUES
('Іван', 'Іванов', '1234567890', 'password1', 'Адміністратор системи'),
('Петро', 'Петров', '0987654321', 'password2', 'Адміністратор відділення'),
('Василь', 'Васильєв', '1122334455', 'password3', 'Клієнт'),
--
('Олексій', 'Олексієв', '2233445566', 'password4', 'Адміністратор системи'),
('Михайло', 'Михайлов', '3344556677', 'password5', 'Адміністратор відділення'),
('Андрій', 'Андрієв', '4455667788', 'password6', 'Адміністратор відділення'),
('Юрій', 'Юрієв', '5566778899', 'password7', 'Адміністратор відділення'),
('Сергій', 'Сергієв', '6677889900', 'password8', 'Адміністратор відділення'),
('Володимир', 'Володимиров', '7788990011', 'password9', 'Адміністратор відділення'),
('Тарас', 'Тарасов', '8899001122', 'password10', 'Клієнт'),
('Богдан', 'Богданов', '9900112233', 'password11', 'Клієнт'),
('Роман', 'Романов', '0011223344', 'password12', 'Клієнт'),
('Павло', 'Павлов', '1122334456', 'password13', 'Клієнт'),
('Олег', 'Олегов', '2233445567', 'password14', 'Клієнт'),
('Денис', 'Денисов', '3344556678', 'password15', 'Клієнт'),
('Анатолій', 'Анатолійов', '4455667789', 'password16', 'Клієнт'),
('Євген', 'Євгенов', '5566778890', 'password17', 'Клієнт'),
('Віктор', 'Вікторов', '6677889901', 'password18', 'Клієнт');

-- Додаємо записи до таблиці Branch
INSERT INTO Branch (City, Address) VALUES
('Київ', 'вул. Хрещатик, 1'),
('Харків', 'вул. Сумська, 1'),
('Львів', 'вул. Підвальна, 1'),
('Одеса', 'вул. Дерибасівська, 1'),
('Тернопіль', 'вул. Театральна, 1'),
('Дніпро', 'вул. Кобзаря, 1');

-- Додаємо записи до таблиці BranchAdmins
INSERT INTO BranchAdmins (UserID, BranchID) VALUES
(2, 1),  -- Петро Петров є адміністратором відділення в Києві
(5, 2),  -- Михайло Михайлов є адміністратором відділення в Харкові
(6, 3),  -- Андрій Андрієв є адміністратором відділення во Львові
(7, 4),  -- Юрій Юрієв є адміністратором відділення в Одесі
(8, 5),  -- Сергій Сергієв є адміністратором відділення в Тернополі
(9, 6);  -- Володимир Володимиров є адміністратором відділення в Дніпрі

-- Додаємо записи до таблиці Route
INSERT INTO Route (ID, Origin, Destination, Duration) VALUES
(1, 1, 2, '05:00:00'),  -- Київ до Харкова
(2, 2, 1, '05:00:00'),  -- Харків до Києва
(3, 1, 3, '07:00:00'),  -- Київ до Львова
(4, 3, 1, '07:00:00'),  -- Львів до Києва
(5, 1, 4, '06:00:00'),  -- Київ до Одеси
(6, 4, 1, '06:00:00'),  -- Одеса до Києва
(7, 1, 5, '04:00:00'),  -- Київ до Тернополя
(8, 5, 1, '04:00:00'),  -- Тернопіль до Києва
(9, 1, 6, '05:30:00'),  -- Київ до Дніпра
(10, 6, 1, '05:30:00'), -- Дніпро до Києва
(11, 2, 3, '12:00:00'), -- Харків до Львова
(12, 3, 2, '12:00:00'), -- Львів до Харкова
(13, 2, 4, '11:00:00'), -- Харків до Одеси
(14, 4, 2, '11:00:00'), -- Одеса до Харкова
(15, 2, 5, '09:00:00'), -- Харків до Тернополя
(16, 5, 2, '09:00:00'), -- Тернопіль до Харкова
(17, 2, 6, '06:30:00'), -- Харків до Дніпра
(18, 6, 2, '06:30:00'), -- Дніпро до Харкова
(19, 3, 4, '13:00:00'), -- Львів до Одеси
(20, 4, 3, '13:00:00'), -- Одеса до Львова
(21, 3, 5, '03:00:00'), -- Львів до Тернополя
(22, 5, 3, '03:00:00'), -- Тернопіль до Львова
(23, 3, 6, '10:30:00'), -- Львів до Дніпра
(24, 6, 3, '10:30:00'), -- Дніпро до Львова
(25, 4, 5, '10:00:00'), -- Одеса до Тернополя
(26, 5, 4, '10:00:00'), -- Тернопіль до Одеси
(27, 4, 6, '09:30:00'), -- Одеса до Дніпра
(28, 6, 4, '09:30:00'), -- Дніпро до Одеси
(29, 5, 6, '07:00:00'), -- Тернопіль до Дніпра
(30, 6, 5, '07:00:00'); -- Дніпро до Тернополя

-- Додаємо записи до таблиці Route
INSERT INTO Route_Branch (RouteID, BranchID) VALUES
(3, 5),  -- Київ-Тернопіль-Львів
(4, 5),  -- Львів-Тернопіль-Київ
(11, 1), -- Харків-Київ-Львів
(11, 5), -- Харків-Київ-Тернопіль-Львів
(12, 5), -- Львів-Тернопіль-Харків
(12, 1), -- Львів-Тернопіль-Київ-Харків
(13, 6), -- Харків-Дніпро-Одеса
(14, 6), -- Одеса-Дніпро-Харків
(15, 1), -- Харків-Київ-Тернополя
(16, 1), -- Тернопіль-Київ-Харків
(19, 5), -- Львів-Тернопіль-Одеса
(19, 1), -- Львів-Тернопіль-Київ-Одеса
(20, 1), -- Одеса-Київ-Львів
(20, 5), -- Одеса-Київ-Тернопіль-Львів
(23, 5), -- Львів-Тернопіль-Дніпро
(23, 1), -- Львів-Тернопіль-Київ-Дніпро
(24, 1), -- Дніпро-Київ-Львів
(24, 5), -- Дніпро-Київ-Тернопіль-Львів
(25, 1), -- Одеса-Київ-Тернопіль
(26, 1), -- Тернопіль-Київ-Одеса
(29, 1), -- Тернопіль-Київ-Дніпро
(30, 1); -- Дніпро-Київ-Тернопіль

-- Додаємо 10 груп посилок
-- Додаємо 10 груп посилок
INSERT INTO ParcelGroup (BillOfLading, SenderUser, RecipientUser, Route, CurrentBranch, DeliveryPrice, DispatchTime, DeliveryTime) VALUES
('00000000000001', 3, 10, 1, 1, 100.00, '2024-04-22 10:00:00', '2024-04-22 15:00:00'),
('00000000000002', 10, 11, 2, 2, 100.00, '2024-04-23 11:00:00', '2024-04-23 16:00:00'),
('00000000000003', 11, 12, 3, 1, 100.00, '2024-04-24 12:00:00', '2024-04-24 19:00:00'),
('00000000000004', 3, 13, 4, 1, 100.00, '2024-04-21 13:00:00', '2024-04-21 19:00:00'),
('00000000000005', 10, 14, 5, 1, 100.00, '2024-04-22 14:00:00', '2024-04-22 18:00:00'),
('00000000000006', 11, 15, 6, 1, 100.00, '2024-04-23 15:00:00', '2024-04-23 21:30:00'),
('00000000000007', 12, 16, 7, 1, 100.00, '2024-04-24 16:00:00', '2024-04-24 19:00:00'),
('00000000000008', 3, 17, 8, 1, 200.00, '2024-04-21 17:00:00', '2024-04-22 09:00:00'),
('00000000000009', 10, 18, 9, 1, 200.00, '2024-04-22 18:00:00', '2024-04-23 09:00:00'),
('00000000000010', 11, 3, 10, 1, 300.00, '2024-04-23 09:00:00', '2024-04-23 14:30:00');


-- Додаємо посилки
-- 7 груп по одній посилці
INSERT INTO Package (Weight, Status, Type, BillOfLading, ValuationPrice) VALUES
(1.5, 'В дорозі', 'Документи', '00000000000001', 150.00),
(2.3, 'Підтверджено', 'Посилка', '00000000000002', 230.00),
(3.4, 'В дорозі', 'Великий вантаж', '00000000000003', 340.00),
(4.5, 'Доставлено', 'Документи', '00000000000004', 450.00),
(5.6, 'Створено', 'Посилка', '00000000000005', 560.00),
(6.7, 'Забрали', 'Великий вантаж', '00000000000006', 670.00),
(7.8, 'В дорозі', 'Документи', '00000000000007', 780.00),
-- дві групи по дві посилки
(8.9, 'Підтверджено', 'Посилка', '00000000000008', 890.00),
(9.0, 'Підтверджено', 'Великий вантаж', '00000000000008', 900.00),
(10.1, 'Забрали', 'Документи', '00000000000009', 1010.00),
(11.2, 'Забрали', 'Посилка', '00000000000009', 1120.00),
-- одна група де три посилки
(12.3, 'В дорозі', 'Великий вантаж', '00000000000010', 1230.00),
(13.4, 'В дорозі', 'Документи', '00000000000010', 1340.00),
(14.5, 'В дорозі', 'Посилка', '00000000000010', 1450.00);
